timestamp,vibration_x
2026-09-27T00:00:00+00:00,0.10
2026-09-27T00:00:01+00:00,0.24
2026-09-27T00:00:02+00:00,0.35
2026-09-27T00:00:03+00:00,0.41
2026-09-27T00:00:04+00:00,0.38
2026-09-27T00:00:05+00:00,0.29
2026-09-27T00:00:06+00:00,0.14
2026-09-27T00:00:07+00:00,-0.03
2026-09-27T00:00:08+00:00,-0.18
2026-09-27T00:00:09+00:00,-0.29
2026-09-27T00:00:10+00:00,-0.33
2026-09-27T00:00:11+00:00,-0.27
2026-09-27T00:00:12+00:00,-0.13
2026-09-27T00:00:13+00:00,0.05
2026-09-27T00:00:14+00:00,0.23
2026-09-27T00:00:15+00:00,0.36
2026-09-27T00:00:16+00:00,0.44
2026-09-27T00:00:17+00:00,0.39
2026-09-27T00:00:18+00:00,0.25
2026-09-27T00:00:19+00:00,0.07
2026-09-27T00:00:20+00:00,-0.12
2026-09-27T00:00:21+00:00,-0.28
2026-09-27T00:00:22+00:00,-0.37
2026-09-27T00:00:23+00:00,-0.34
2026-09-27T00:00:24+00:00,-0.19
2026-09-27T00:00:25+00:00,0.03
2026-09-27T00:00:26+00:00,0.26
2026-09-27T00:00:27+00:00,0.43
2026-09-27T00:00:28+00:00,0.49
2026-09-27T00:00:29+00:00,0.42
2026-09-27T00:00:30+00:00,0.21
2026-09-27T00:00:31+00:00,-0.04
